,Temp_degC_ISS,RH_percent_ISS,CO2_ppm_ISS,GCR_Dose_mGy_d,SAA_Dose_mGy_d,Total_Dose_mGy_d,Accumulated_Dose_mGy_d
Temp_degC_ISS,1.0,0.007847196625748972,-0.18859585432373202,-0.016265506933444463,-0.36021563317989747,-0.4018858225499514,-0.2586552760659202
RH_percent_ISS,0.007847196625748972,1.0,-0.18150057836877811,-0.08491259692020557,-0.14873039304704624,-0.14018831035307092,-0.3096204140356607
CO2_ppm_ISS,-0.18859585432373202,-0.18150057836877811,1.0,-0.15156702678198647,0.44230414574478666,0.40451465766871547,0.502772049790912
GCR_Dose_mGy_d,-0.01626550693344446,-0.08491259692020557,-0.15156702678198647,0.9999999999999999,-0.1362900135683103,0.02526564474989366,0.05515653722316722
SAA_Dose_mGy_d,-0.36021563317989747,-0.14873039304704624,0.44230414574478666,-0.1362900135683103,1.0,0.9155598320317263,0.675179087306031
Total_Dose_mGy_d,-0.4018858225499514,-0.14018831035307092,0.40451465766871547,0.025265644749893658,0.9155598320317263,1.0,0.6637555525728386
Accumulated_Dose_mGy_d,-0.2586552760659202,-0.3096204140356607,0.502772049790912,0.05515653722316722,0.675179087306031,0.6637555525728386,1.0
