,Temp_degC_ISS,RH_percent_ISS,CO2_ppm_ISS,GCR_Dose_mGy_d,SAA_Dose_mGy_d,Total_Dose_mGy_d,Accumulated_Dose_mGy_d
Temp_degC_ISS,1.0,-0.31774709851522953,0.012192284634841245,-0.015837961441800972,0.042939539034788886,0.11723980037677914,-0.002350561723346637
RH_percent_ISS,-0.31774709851522953,1.0,-0.2093169650262823,-0.06386232840673291,-0.004578062116281693,-0.07988446713774348,0.008698860349091552
CO2_ppm_ISS,0.012192284634841245,-0.2093169650262823,1.0,0.13690314628238706,0.04543109107003804,0.11376690256972291,0.0007190751832382734
GCR_Dose_mGy_d,-0.015837961441800972,-0.06386232840673291,0.13690314628238706,1.0,0.04508249319208038,0.12905299501703174,0.006864903333263472
SAA_Dose_mGy_d,0.042939539034788886,-0.004578062116281693,0.04543109107003804,0.04508249319208038,1.0,0.9394315448897663,0.06522691442939725
Total_Dose_mGy_d,0.11723980037677914,-0.07988446713774348,0.11376690256972291,0.12905299501703174,0.9394315448897663,1.0,0.05965210601449056
Accumulated_Dose_mGy_d,-0.002350561723346637,0.008698860349091552,0.0007190751832382734,0.006864903333263472,0.06522691442939725,0.05965210601449056,1.0
