,Temp_degC_ISS,RH_percent_ISS,CO2_ppm_ISS,GCR_Dose_mGy_d,SAA_Dose_mGy_d,Total_Dose_mGy_d,Accumulated_Dose_mGy_d
Temp_degC_ISS,1.0,-0.2571792893631866,-0.06730748864193703,0.048589765543048544,-0.3962854433355743,-0.4520862510435714,-0.02789702037946282
RH_percent_ISS,-0.2571792893631866,1.0,-0.1003335028491523,-0.04646299922711188,-0.025769389608571044,-0.00984015625770345,-0.004954321510265082
CO2_ppm_ISS,-0.06730748864193703,-0.1003335028491523,1.0,-0.15998935592638272,0.2826055552439369,0.29301751739031434,0.025224148765418713
GCR_Dose_mGy_d,0.048589765543048544,-0.04646299922711188,-0.15998935592638272,1.0,-0.20590864456636992,-0.03894544693870018,-0.0028844394878118416
SAA_Dose_mGy_d,-0.3962854433355743,-0.025769389608571044,0.2826055552439369,-0.20590864456636992,1.0,0.8970889925971809,0.06297555310257794
Total_Dose_mGy_d,-0.4520862510435714,-0.00984015625770345,0.29301751739031434,-0.03894544693870018,0.8970889925971809,1.0,0.08285120736588952
Accumulated_Dose_mGy_d,-0.02789702037946282,-0.004954321510265082,0.025224148765418713,-0.0028844394878118416,0.06297555310257794,0.08285120736588952,1.0
