,Temp_degC_ISS,RH_percent_ISS,CO2_ppm_ISS,GCR_Dose_mGy_d,SAA_Dose_mGy_d,Total_Dose_mGy_d,Accumulated_Dose_mGy_d
Temp_degC_ISS,1.0,0.3949239294939195,0.0007822912017905637,0.0033866651561386186,0.15364192526722115,0.33655278446708375,-0.44119900931679157
RH_percent_ISS,0.3949239294939195,1.0,0.007294046867956563,0.011263810510923858,0.18350259805199604,0.24361236031851652,-0.04947382211699508
CO2_ppm_ISS,0.0007822912017905637,0.007294046867956563,1.0,-0.0050229937188085395,0.0016248500298822154,0.0015909334228325497,-0.0015477861041394588
GCR_Dose_mGy_d,0.0033866651561386186,0.011263810510923858,-0.0050229937188085395,1.0,0.0019490044888766807,0.009734439426261664,-0.0017771077652806795
SAA_Dose_mGy_d,0.15364192526722115,0.18350259805199604,0.0016248500298822154,0.0019490044888766807,1.0,0.7887529854900708,-0.46229734200186684
Total_Dose_mGy_d,0.33655278446708375,0.24361236031851652,0.0015909334228325497,0.009734439426261664,0.7887529854900708,1.0,-0.5289599579410179
Accumulated_Dose_mGy_d,-0.44119900931679157,-0.04947382211699508,-0.0015477861041394588,-0.0017771077652806795,-0.46229734200186684,-0.5289599579410179,1.0
