,Temp_degC_ISS,RH_percent_ISS,CO2_ppm_ISS,GCR_Dose_mGy_d,SAA_Dose_mGy_d,Total_Dose_mGy_d,Accumulated_Dose_mGy_d
Temp_degC_ISS,0.9999999999999999,-0.2091129310346917,0.005741640320617318,-0.0714561293862519,0.11101347818816891,0.25520120704785193,-0.4287311260126942
RH_percent_ISS,-0.2091129310346917,0.9999999999999999,0.010270790977859342,-0.09678089096173502,0.12854380779291225,0.07952828617496778,0.16955103272074662
CO2_ppm_ISS,0.005741640320617318,0.010270790977859342,1.0,0.006994794280872152,0.015384293181213262,0.01759062946846974,-0.0002169530839406559
GCR_Dose_mGy_d,-0.0714561293862519,-0.09678089096173502,0.006994794280872153,0.9999999999999999,-0.036142958888494565,-0.036552690249323526,0.0807602441178936
SAA_Dose_mGy_d,0.11101347818816891,0.12854380779291225,0.015384293181213262,-0.036142958888494565,0.9999999999999999,0.7092819354702777,-0.46134167199493914
Total_Dose_mGy_d,0.25520120704785193,0.07952828617496778,0.01759062946846974,-0.036552690249323526,0.7092819354702777,0.9999999999999999,-0.5223494977818217
Accumulated_Dose_mGy_d,-0.4287311260126942,0.16955103272074662,-0.0002169530839406559,0.0807602441178936,-0.46134167199493914,-0.5223494977818217,0.9999999999999999
