,Temp_degC_ISS,RH_percent_ISS,CO2_ppm_ISS,GCR_Dose_mGy_d,SAA_Dose_mGy_d,Total_Dose_mGy_d,Accumulated_Dose_mGy_d
Temp_degC_ISS,1.0,0.46106403311659283,0.00453536641616246,0.0015812516502239002,0.14189195618219178,0.29848129499275006,-0.3308803661175082
RH_percent_ISS,0.46106403311659283,1.0,0.0061782854102413525,0.01237343967501183,0.19220288397832316,0.27181614654027053,-0.1514970794171215
CO2_ppm_ISS,0.00453536641616246,0.0061782854102413525,1.0,-0.0050090777918055125,0.002287195450996425,0.0038167791818752503,-0.009932770020623616
GCR_Dose_mGy_d,0.0015812516502239002,0.01237343967501183,-0.0050090777918055125,1.0,0.0018217364123504793,0.009438985858447544,0.002005590513075271
SAA_Dose_mGy_d,0.14189195618219178,0.19220288397832316,0.002287195450996425,0.0018217364123504793,1.0,0.7927183481548843,-0.5291219353987027
Total_Dose_mGy_d,0.29848129499275006,0.27181614654027053,0.0038167791818752503,0.009438985858447544,0.7927183481548843,1.0,-0.5288542755365266
Accumulated_Dose_mGy_d,-0.3308803661175082,-0.1514970794171215,-0.009932770020623616,0.002005590513075271,-0.5291219353987027,-0.5288542755365266,1.0
