,Temp_degC_ISS,RH_percent_ISS,CO2_ppm_ISS,GCR_Dose_mGy_d,SAA_Dose_mGy_d,Total_Dose_mGy_d,Accumulated_Dose_mGy_d
Temp_degC_ISS,1.0,-0.31232480318343864,-0.03219931414469612,-0.03157457664006054,0.028683878082045065,0.10203681215165399,-0.003225621902828632
RH_percent_ISS,-0.31232480318343864,1.0,-0.14633232058690152,-0.06628288711529122,-0.0067942032941782065,-0.07898628270575446,0.008406881680012409
CO2_ppm_ISS,-0.03219931414469612,-0.14633232058690152,1.0,0.27297313262428247,0.1625037910610644,0.2254440893620263,0.010499862626897177
GCR_Dose_mGy_d,-0.03157457664006054,-0.06628288711529122,0.27297313262428247,1.0,0.08846591888470354,0.17305860721703942,0.00992467385664282
SAA_Dose_mGy_d,0.028683878082045065,-0.0067942032941782065,0.1625037910610644,0.08846591888470354,1.0,0.9407620804551156,0.06649786208999281
Total_Dose_mGy_d,0.10203681215165399,-0.07898628270575446,0.2254440893620263,0.17305860721703942,0.9407620804551156,1.0,0.06092095939938889
Accumulated_Dose_mGy_d,-0.003225621902828632,0.008406881680012409,0.010499862626897177,0.00992467385664282,0.06649786208999281,0.06092095939938889,1.0
