,Temp_degC_ISS,RH_percent_ISS,CO2_ppm_ISS,GCR_Dose_mGy_d,SAA_Dose_mGy_d,Total_Dose_mGy_d,Accumulated_Dose_mGy_d
Temp_degC_ISS,1.0,0.17218799002666038,0.006605466689849612,-0.07102515499701911,-0.07725973397879476,-0.052586376037065716,0.18103073427852082
RH_percent_ISS,0.17218799002666038,1.0,-0.0024121296288606995,0.030466899086754574,-0.3117066915048102,-0.11165704698179893,-0.19459481083700397
CO2_ppm_ISS,0.006605466689849612,-0.0024121296288606995,1.0,0.016263688730748672,-0.01619719115766106,-0.0142300321947617,0.0015637770938525509
GCR_Dose_mGy_d,-0.07102515499701911,0.030466899086754574,0.016263688730748672,1.0,-0.009658376969344431,0.04018229542378343,-0.09673500455512342
SAA_Dose_mGy_d,-0.07725973397879476,-0.3117066915048102,-0.016197191157661064,-0.009658376969344433,1.0,0.742676460614605,0.4464685459624137
Total_Dose_mGy_d,-0.052586376037065716,-0.11165704698179893,-0.014230032194761702,0.04018229542378343,0.742676460614605,1.0,0.265404045301801
Accumulated_Dose_mGy_d,0.18103073427852082,-0.19459481083700397,0.0015637770938525506,-0.09673500455512342,0.4464685459624137,0.265404045301801,1.0
