,Temp_degC_ISS,RH_percent_ISS,CO2_ppm_ISS,GCR_Dose_mGy_d,SAA_Dose_mGy_d,Total_Dose_mGy_d,Accumulated_Dose_mGy_d
Temp_degC_ISS,1.0,-0.034578762666912816,0.013588808589867754,0.011451790766420847,0.01222790037750152,0.0338463108570513,-0.0009189849944102122
RH_percent_ISS,-0.034578762666912816,1.0,-0.006027403062993903,-0.07329977828804062,-0.1637336519405815,-0.021304690312758483,-0.003463351764483737
CO2_ppm_ISS,0.013588808589867754,-0.006027403062993903,1.0,0.005144691538349269,-0.004893427368000148,-0.00846008520005901,0.00114894723728938
GCR_Dose_mGy_d,0.011451790766420847,-0.07329977828804062,0.005144691538349269,1.0,-0.06687123024400174,0.05143150305013332,-0.0020165369568459477
SAA_Dose_mGy_d,0.01222790037750152,-0.1637336519405815,-0.004893427368000148,-0.06687123024400174,1.0,0.8259736224562376,0.04323863936038865
Total_Dose_mGy_d,0.0338463108570513,-0.021304690312758483,-0.00846008520005901,0.05143150305013332,0.8259736224562376,1.0,0.05415203602495121
Accumulated_Dose_mGy_d,-0.0009189849944102122,-0.003463351764483737,0.00114894723728938,-0.0020165369568459477,0.04323863936038865,0.05415203602495121,1.0
