,Temp_degC_ISS,RH_percent_ISS,CO2_ppm_ISS,GCR_Dose_mGy_d,SAA_Dose_mGy_d,Total_Dose_mGy_d,Accumulated_Dose_mGy_d
Temp_degC_ISS,1.0,-0.09492134037044372,0.016584181749907046,0.049610685207801895,-0.011307609999204906,0.008086355779193352,-0.0018112695153224096
RH_percent_ISS,-0.09492134037044372,1.0,-0.00593409517053657,-0.04613345838284824,-0.18441643275585226,-0.03687952012212239,-0.003342865529522652
CO2_ppm_ISS,0.016584181749907046,-0.00593409517053657,1.0,0.005368147742799224,-0.004803668629570402,-0.007639284980195582,0.0012035254029303902
GCR_Dose_mGy_d,0.049610685207801895,-0.04613345838284824,0.005368147742799224,1.0,-0.05843580740517953,0.060479826285683894,-0.0024086153636507165
SAA_Dose_mGy_d,-0.011307609999204906,-0.18441643275585226,-0.004803668629570402,-0.05843580740517953,1.0,0.8262133329515188,0.042728059331714294
Total_Dose_mGy_d,0.008086355779193352,-0.03687952012212239,-0.007639284980195582,0.060479826285683894,0.8262133329515188,1.0,0.053906382987030196
Accumulated_Dose_mGy_d,-0.0018112695153224096,-0.003342865529522652,0.0012035254029303902,-0.0024086153636507165,0.042728059331714294,0.053906382987030196,1.0
