,Temp_degC_ISS,RH_percent_ISS,CO2_ppm_ISS,GCR_Dose_mGy_d,SAA_Dose_mGy_d,Total_Dose_mGy_d,Accumulated_Dose_mGy_d
Temp_degC_ISS,1.0,-0.04564807331673863,0.17000002506642997,0.1956927379387742,0.14117620122841,0.13812824307383498,-0.0008560312686116873
RH_percent_ISS,-0.04564807331673863,1.0,0.15289257520443036,-0.13863308961339696,0.06231820273209857,-0.002756342075766923,0.0019904292553594755
CO2_ppm_ISS,0.17000002506642997,0.15289257520443036,1.0,-0.22365299658419757,-0.09647583861089835,-0.10636569524557052,0.009197772292120815
GCR_Dose_mGy_d,0.1956927379387742,-0.13863308961339696,-0.22365299658419757,1.0,-0.2813080368637314,-0.0639207234457717,0.0002318920165336706
SAA_Dose_mGy_d,0.14117620122841,0.06231820273209857,-0.09647583861089835,-0.2813080368637314,1.0,0.8573297761351297,0.006309016613902296
Total_Dose_mGy_d,0.13812824307383498,-0.002756342075766923,-0.10636569524557052,-0.0639207234457717,0.8573297761351297,1.0,0.0016569103943843272
Accumulated_Dose_mGy_d,-0.0008560312686116873,0.0019904292553594755,0.009197772292120815,0.0002318920165336706,0.006309016613902296,0.0016569103943843272,1.0
