,Temp_degC_ISS,RH_percent_ISS,CO2_ppm_ISS,GCR_Dose_mGy_d,SAA_Dose_mGy_d,Total_Dose_mGy_d,Accumulated_Dose_mGy_d
Temp_degC_ISS,0.9999999999999999,0.06762612252222867,0.06338239442539038,0.14371836430156412,0.12813438264720342,0.15460052258953122,-0.01379655028615394
RH_percent_ISS,0.06762612252222867,0.9999999999999999,0.06355537984458869,-0.25305778932067163,0.09378315848196071,0.020300288079606467,0.06600257053116837
CO2_ppm_ISS,0.06338239442539038,0.06355537984458869,0.9999999999999999,-0.16190394259288232,-0.1577992163661934,-0.1418631652611084,-0.301332958693395
GCR_Dose_mGy_d,0.14371836430156412,-0.25305778932067163,-0.16190394259288232,0.9999999999999999,-0.27255108630435715,-0.029443646500418905,-0.042940133029521585
SAA_Dose_mGy_d,0.12813438264720342,0.09378315848196071,-0.1577992163661934,-0.27255108630435715,0.9999999999999999,0.8233263153072988,0.25419435776765203
Total_Dose_mGy_d,0.15460052258953122,0.020300288079606467,-0.1418631652611084,-0.029443646500418905,0.8233263153072988,0.9999999999999999,0.27167739988636325
Accumulated_Dose_mGy_d,-0.01379655028615394,0.06600257053116837,-0.301332958693395,-0.042940133029521585,0.25419435776765203,0.27167739988636325,0.9999999999999999
