RR,Type,Variable,Model,RMSE,MAE,AE_Threshold,AE_MeanMSE,AE_Time_s,SeqLen,Resample,Conformal_q_inv
RR-1,radiation,Accumulated_Dose_mGy_d,LSTM,0.6421283898912937,0.5375373959541321,1.2866414487361908,0.3167878091335296,9375.284691810608,45,1min,0.329161045153883
RR-1,radiation,GCR_Dose_mGy_d,LSTM,5.909600078034664e-05,5.85083726036828e-05,0.0244358200579881,0.0242946073412895,9351.40314412117,45,1min,6.908438042247675e-05
RR-1,radiation,Total_Dose_mGy_d,LSTM,0.0013618361548791,0.0013183611445128,0.0222893343307077,0.0046819867566227,9370.0287668705,45,1min,0.0014707379831257
